id,first_name,last_name,email,country,ip_address
1,Christina,Mcdonald,cmcdonald0@amazon.com,Poland,90.181.114.44
2,Henry,Alvarez,halvarez1@abc.net.au,China,72.20.20.77
3,Joyce,Washington,jwashington2@amazon.co.jp,Pakistan,93.111.37.152
4,James,Mitchell,jmitchell3@ifeng.com,Russia,232.164.220.192
5,Adam,Kim,akim4@hc360.com,China,102.17.84.88
6,Charles,George,cgeorge5@infoseek.co.jp,China,91.26.141.19
7,Jessica,Greene,jgreene6@slate.com,Russia,158.127.243.212
8,Chris,Meyer,cmeyer7@acquirethisname.com,United States,102.250.108.154
9,Andrea,Peters,apeters8@xing.com,Philippines,162.114.44.16
10,Michelle,Harris,mharris9@latimes.com,Poland,0.49.228.124
11,Judith,Moreno,jmorenoa@hc360.com,Gambia,45.212.207.113
12,Nicole,Reid,nreidb@phpbb.com,Guyana,92.67.123.214
13,Irene,Ray,irayc@sciencedirect.com,Maldives,49.215.91.236
14,Margaret,Black,mblackd@phpbb.com,Indonesia,12.197.83.144
15,Helen,Ford,hforde@nature.com,Bosnia and Herzegovina,132.90.177.125
16,Betty,Stephens,bstephensf@oakley.com,France,242.245.128.192
17,Donald,Perkins,dperkinsg@bloglines.com,Brazil,31.23.232.20
18,Raymond,White,rwhiteh@umich.edu,Philippines,111.199.113.13
19,Ryan,Morrison,rmorrisoni@apache.org,Czech Republic,176.158.242.64
20,Phillip,Howell,phowellj@archive.org,Russia,30.34.65.136
21,Evelyn,Daniels,edanielsk@networkadvertising.org,Indonesia,113.131.35.10
22,Gerald,Murphy,gmurphyl@pcworld.com,Russia,196.157.196.20
23,Jesse,Hernandez,jhernandezm@msn.com,Philippines,169.96.100.90
24,Annie,Palmer,apalmern@shinystat.com,Indonesia,148.196.128.54
25,Kathryn,Palmer,kpalmero@phoca.cz,China,253.201.198.57
26,Samuel,Lane,slanep@wikispaces.com,Russia,35.148.6.63
27,Janet,Adams,jadamsq@tripadvisor.com,China,239.74.96.117
28,Johnny,Jacobs,jjacobsr@google.co.jp,Indonesia,52.255.127.196
29,Joan,Stanley,jstanleys@acquirethisname.com,Luxembourg,253.17.107.9
30,Earl,Black,eblackt@gnu.org,Brazil,108.83.52.231
31,Roy,Fernandez,rfernandezu@nih.gov,Brazil,61.68.100.122
32,Cheryl,Green,cgreenv@soundcloud.com,Serbia,160.8.113.128
33,Patricia,Peters,ppetersw@a8.net,China,100.87.162.113
34,Carol,Hanson,chansonx@goo.ne.jp,Indonesia,138.57.117.252
35,Phillip,Taylor,ptaylory@tmall.com,China,237.190.170.252
36,Beverly,Mendoza,bmendozaz@squidoo.com,Russia,145.14.181.16
37,Denise,Jacobs,djacobs10@tinyurl.com,Indonesia,122.223.77.98
38,Joshua,Johnson,jjohnson11@ycombinator.com,Indonesia,184.168.200.92
39,Louise,Mcdonald,lmcdonald12@state.tx.us,Poland,243.151.115.251
40,Virginia,Lynch,vlynch13@webeden.co.uk,Czech Republic,41.240.217.215
41,Paula,Meyer,pmeyer14@twitter.com,China,245.88.149.240
42,Dennis,Rivera,drivera15@foxnews.com,China,242.143.17.23
43,Rachel,Richards,rrichards16@msu.edu,Brazil,255.88.13.105
44,Jimmy,Jacobs,jjacobs17@google.co.jp,Philippines,64.178.1.122
45,Frank,Gray,fgray18@webs.com,Thailand,7.167.163.244
46,Ruby,Stone,rstone19@constantcontact.com,Peru,199.148.124.161
47,Brandon,Reynolds,breynolds1a@ocn.ne.jp,Brazil,52.47.223.156
48,Dennis,Gilbert,dgilbert1b@ibm.com,Macedonia,124.142.174.199
49,Sara,Reid,sreid1c@mapquest.com,China,168.192.28.123
50,Kathryn,Stephens,kstephens1d@people.com.cn,Russia,215.129.88.239
51,Ryan,Anderson,randerson1e@dot.gov,Italy,208.74.113.189
52,Terry,Ward,tward1f@discovery.com,China,46.36.130.235
53,Douglas,Grant,dgrant1g@google.com,Indonesia,240.149.164.208
54,Rebecca,Little,rlittle1h@usatoday.com,Nigeria,111.96.147.177
55,Brian,Montgomery,bmontgomery1i@yahoo.com,Czech Republic,199.74.133.152
56,Eugene,Cox,ecox1j@alibaba.com,Colombia,146.169.38.46
57,Teresa,Gibson,tgibson1k@washingtonpost.com,Indonesia,126.252.141.87
58,David,Bowman,dbowman1l@ycombinator.com,Costa Rica,237.249.240.180
59,Cynthia,Allen,callen1m@prlog.org,Thailand,7.223.15.0
60,Denise,Cook,dcook1n@nytimes.com,Czech Republic,10.109.159.198
61,Janet,Reid,jreid1o@intel.com,China,100.234.232.194
62,Melissa,Young,myoung1p@goodreads.com,Macedonia,99.147.253.51
63,Teresa,Stevens,tstevens1q@springer.com,Russia,20.93.114.72
64,Dorothy,Carroll,dcarroll1r@dailymail.co.uk,China,151.136.44.1
65,Sandra,Gilbert,sgilbert1s@fda.gov,Japan,172.167.222.238
66,Howard,Rice,hrice1t@google.co.uk,Poland,32.88.57.70
67,Wanda,Watkins,wwatkins1u@hud.gov,Kenya,112.77.157.137
68,Eric,Hernandez,ehernandez1v@woothemes.com,Honduras,25.139.231.34
69,Virginia,Boyd,vboyd1w@wikipedia.org,China,98.192.53.49
70,Keith,Montgomery,kmontgomery1x@paypal.com,Czech Republic,84.81.220.251
71,Gloria,Crawford,gcrawford1y@hexun.com,Philippines,118.59.34.208
72,Lori,Lawson,llawson1z@nifty.com,Philippines,10.57.226.67
73,Phyllis,Olson,polson20@nytimes.com,China,132.240.74.198
74,Margaret,Carpenter,mcarpenter21@globo.com,Czech Republic,253.37.46.246
75,Phyllis,Carr,pcarr22@forbes.com,China,98.219.86.172
76,Brandon,Webb,bwebb23@ibm.com,Guinea,20.250.189.199
77,Robert,Gilbert,rgilbert24@comsenz.com,Indonesia,160.100.71.20
78,Jane,Tucker,jtucker25@privacy.gov.au,New Zealand,123.180.27.110
79,Sharon,Welch,swelch26@pagesperso-orange.fr,Poland,138.26.130.31
80,Clarence,Watson,cwatson27@cocolog-nifty.com,Canada,178.35.0.200
81,Cynthia,Gonzalez,cgonzalez28@dropbox.com,Estonia,42.161.227.105
82,William,Cook,wcook29@home.pl,Greece,214.112.100.188
83,Daniel,Young,dyoung2a@clickbank.net,Mongolia,98.58.216.74
84,Jack,Fuller,jfuller2b@alexa.com,Russia,87.82.47.239
85,Todd,King,tking2c@odnoklassniki.ru,Ireland,5.160.16.28
86,Laura,Burke,lburke2d@forbes.com,Portugal,210.189.149.204
87,Juan,Kelly,jkelly2e@webeden.co.uk,Libya,133.60.198.166
88,Sean,Walker,swalker2f@yale.edu,Norway,90.66.232.44
89,Joe,Stanley,jstanley2g@mlb.com,Brazil,57.52.239.164
90,Richard,Wood,rwood2h@cyberchimps.com,China,27.51.220.49
91,Keith,Castillo,kcastillo2i@theglobeandmail.com,France,121.143.150.232
92,Janice,Mason,jmason2j@independent.co.uk,North Korea,103.161.253.176
93,Maria,Bishop,mbishop2k@cloudflare.com,Philippines,103.142.22.247
94,Scott,Watkins,swatkins2l@usatoday.com,China,172.206.236.28
95,Gerald,Boyd,gboyd2m@buzzfeed.com,France,33.176.66.153
96,Terry,Rodriguez,trodriguez2n@globo.com,Thailand,71.58.163.17
97,Justin,Kelly,jkelly2o@xing.com,United States,75.247.254.251
98,Nancy,Tucker,ntucker2p@irs.gov,Portugal,123.228.190.59
99,Antonio,Spencer,aspencer2q@github.io,Sri Lanka,206.44.196.165
100,Rose,Hicks,rhicks2r@wufoo.com,Japan,147.96.255.152
101,Carl,Collins,ccollins2s@uiuc.edu,Indonesia,127.77.82.229
102,Patricia,Perkins,pperkins2t@google.cn,Indonesia,102.204.42.53
103,Judy,Barnes,jbarnes2u@mapy.cz,Sri Lanka,227.14.90.145
104,Brandon,Mason,bmason2v@networksolutions.com,Spain,151.6.149.188
105,Wayne,Murphy,wmurphy2w@mapquest.com,Philippines,88.108.88.30
106,Susan,Stanley,sstanley2x@oakley.com,Zambia,126.186.222.225
107,Donna,Mason,dmason2y@people.com.cn,Malaysia,46.217.35.54
108,Judith,Lee,jlee2z@liveinternet.ru,China,62.209.147.213
109,Mildred,Reyes,mreyes30@usnews.com,Peru,217.177.87.155
110,Russell,Vasquez,rvasquez31@friendfeed.com,China,246.63.133.78
111,Lawrence,Adams,ladams32@cpanel.net,Peru,89.212.189.16
112,Jennifer,Hudson,jhudson33@sohu.com,Lithuania,88.164.109.41
113,Ruby,Thomas,rthomas34@toplist.cz,Philippines,61.214.213.165
114,Anthony,Weaver,aweaver35@stumbleupon.com,Gambia,124.96.223.217
115,Bruce,Richardson,brichardson36@mail.ru,China,207.199.244.130
116,Andrea,Knight,aknight37@themeforest.net,Indonesia,216.26.4.209
117,Jerry,Black,jblack38@adobe.com,Peru,108.139.171.31
118,Daniel,Kim,dkim39@themeforest.net,France,20.230.208.171
119,Lori,Ray,lray3a@woothemes.com,Greece,128.85.153.183
120,Jason,Crawford,jcrawford3b@baidu.com,Russia,17.91.24.41
121,Martha,Allen,mallen3c@unicef.org,China,107.8.176.103
122,Andrew,Fields,afields3d@forbes.com,China,199.148.82.76
123,Larry,Hill,lhill3e@cisco.com,China,27.221.6.129
124,Shawn,Reed,sreed3f@examiner.com,France,70.131.207.42
125,Gary,Fox,gfox3g@businesswire.com,Sweden,31.47.79.66
126,Jeffrey,Harris,jharris3h@census.gov,Greece,216.220.133.136
127,Julie,Hansen,jhansen3i@marriott.com,China,140.4.96.233
128,Antonio,Jordan,ajordan3j@state.tx.us,Georgia,56.83.234.23
129,Johnny,Nguyen,jnguyen3k@godaddy.com,Indonesia,129.250.220.240
130,Amy,Ruiz,aruiz3l@exblog.jp,Sweden,112.124.51.113
131,Cheryl,Torres,ctorres3m@weather.com,Cyprus,236.17.80.11
132,Earl,Stanley,estanley3n@epa.gov,Pakistan,89.153.40.138
133,Donald,Anderson,danderson3o@examiner.com,Portugal,215.220.40.71
134,Cynthia,Lopez,clopez3p@mysql.com,France,103.38.196.22
135,Barbara,Hunt,bhunt3q@google.com.hk,China,212.127.141.29
136,Elizabeth,Cook,ecook3r@meetup.com,Laos,99.121.252.52
137,Anne,Cruz,acruz3s@marketwatch.com,Sweden,194.222.112.213
138,Betty,Black,bblack3t@opera.com,Germany,3.38.228.123
139,Earl,Peters,epeters3u@mozilla.org,Philippines,207.87.242.63
140,Harold,Castillo,hcastillo3v@cdbaby.com,China,250.53.107.97
141,Jean,Bishop,jbishop3w@cornell.edu,China,8.241.10.123
142,Daniel,Knight,dknight3x@studiopress.com,Albania,191.64.43.145
143,Shawn,Jackson,sjackson3y@examiner.com,Vietnam,50.233.213.237
144,Terry,Taylor,ttaylor3z@yahoo.com,France,52.89.255.5
145,Mark,Harris,mharris40@diigo.com,France,63.127.163.14
146,Beverly,Sanders,bsanders41@qq.com,China,248.76.107.135
147,James,Meyer,jmeyer42@meetup.com,Sweden,109.15.11.123
148,Edward,Matthews,ematthews43@sbwire.com,China,63.60.250.107
149,Kathryn,Holmes,kholmes44@altervista.org,China,142.66.233.6
150,Fred,Lee,flee45@imdb.com,Czech Republic,26.3.51.13
151,Melissa,Barnes,mbarnes46@posterous.com,China,201.159.12.212
152,Norma,Miller,nmiller47@discovery.com,China,132.162.85.193
153,Barbara,Ellis,bellis48@blogs.com,Mexico,205.239.41.136
154,Justin,Andrews,jandrews49@ovh.net,China,133.153.53.240
155,Sara,Bowman,sbowman4a@networksolutions.com,Indonesia,169.5.214.19
156,Gregory,Johnston,gjohnston4b@simplemachines.org,Greece,95.78.75.54
157,Amanda,Banks,abanks4c@devhub.com,China,242.16.181.147
158,Carlos,Clark,cclark4d@ow.ly,Indonesia,168.100.87.154
159,Phillip,Tucker,ptucker4e@opera.com,Djibouti,83.12.60.242
160,Phyllis,Reed,preed4f@jugem.jp,China,146.108.180.227
161,Rebecca,Crawford,rcrawford4g@yale.edu,China,192.21.53.204
162,Bonnie,Palmer,bpalmer4h@utexas.edu,Indonesia,29.58.245.5
163,Sarah,Cruz,scruz4i@blogs.com,Indonesia,116.133.200.202
164,Carolyn,Berry,cberry4j@bandcamp.com,Poland,64.97.149.230
165,Larry,Warren,lwarren4k@cloudflare.com,Poland,105.11.234.45
166,Howard,Perez,hperez4l@cpanel.net,Hungary,99.63.168.159
167,Jean,Hart,jhart4m@storify.com,Poland,209.234.139.240
168,Russell,Cole,rcole4n@flickr.com,Honduras,28.111.245.91
169,Bobby,Austin,baustin4o@slashdot.org,Russia,57.6.81.111
170,Jose,Simpson,jsimpson4p@4shared.com,China,13.165.104.154
171,Roy,Johnston,rjohnston4q@chronoengine.com,Indonesia,64.237.95.156
172,Antonio,Hawkins,ahawkins4r@hhs.gov,Mongolia,168.248.182.252
173,Doris,Gonzales,dgonzales4s@dropbox.com,China,82.112.217.229
174,Elizabeth,Stone,estone4t@ox.ac.uk,China,59.92.119.69
175,Melissa,Campbell,mcampbell4u@washington.edu,Brazil,46.10.19.32
176,Anthony,Powell,apowell4v@bloglines.com,Armenia,173.128.200.40
177,Todd,Powell,tpowell4w@examiner.com,Thailand,215.153.69.92
178,Barbara,Daniels,bdaniels4x@macromedia.com,Poland,186.139.180.113
179,Helen,Medina,hmedina4y@mashable.com,Vietnam,162.252.61.142
180,Fred,Alvarez,falvarez4z@ed.gov,Indonesia,158.255.79.187
181,Frank,Marshall,fmarshall50@seesaa.net,Indonesia,105.70.230.186
182,Virginia,Hayes,vhayes51@gravatar.com,China,181.115.134.184
183,Jeremy,Daniels,jdaniels52@edublogs.org,China,150.106.175.184
184,Andrea,Lane,alane53@harvard.edu,Russia,17.131.25.39
185,Clarence,Long,clong54@skype.com,South Africa,191.129.138.186
186,Brandon,Watson,bwatson55@reuters.com,Iran,6.187.63.186
187,Douglas,Marshall,dmarshall56@altervista.org,China,40.227.109.38
188,Marie,Butler,mbutler57@exblog.jp,Ivory Coast,244.169.197.161
189,Steve,Peters,speters58@dyndns.org,Indonesia,122.219.38.116
190,Kathryn,Johnston,kjohnston59@istockphoto.com,Indonesia,91.208.194.236
191,Mildred,King,mking5a@g.co,China,131.236.58.40
192,Anne,Bryant,abryant5b@ovh.net,Finland,0.135.168.187
193,Stephen,Wheeler,swheeler5c@oracle.com,Greece,15.103.192.251
194,Carlos,Bell,cbell5d@purevolume.com,Indonesia,119.188.123.188
195,Roy,Perry,rperry5e@wikispaces.com,Kazakhstan,70.15.162.192
196,Jimmy,Jackson,jjackson5f@liveinternet.ru,Afghanistan,33.93.149.236
197,Carlos,Kennedy,ckennedy5g@feedburner.com,Poland,242.181.68.5
198,Larry,Berry,lberry5h@nbcnews.com,Bolivia,116.219.197.143
199,Jonathan,Reyes,jreyes5i@goo.ne.jp,Brazil,90.226.6.61
200,Alice,Alvarez,aalvarez5j@ed.gov,France,32.254.187.225
201,Jimmy,Fuller,jfuller5k@google.co.jp,Indonesia,173.229.186.176
202,Lois,Anderson,landerson5l@dailymail.co.uk,China,129.203.25.224
203,Alan,Payne,apayne5m@patch.com,Portugal,211.121.132.240
204,Larry,Lynch,llynch5n@earthlink.net,China,179.134.32.249
205,Arthur,Williamson,awilliamson5o@live.com,Indonesia,140.6.212.222
206,Fred,Mendoza,fmendoza5p@theglobeandmail.com,China,176.246.224.136
207,Elizabeth,Chavez,echavez5q@furl.net,Argentina,144.38.133.151
208,Virginia,Bailey,vbailey5r@amazon.de,Croatia,203.217.209.222
209,Jesse,Ellis,jellis5s@weather.com,Philippines,51.75.174.238
210,Jimmy,Patterson,jpatterson5t@businessweek.com,North Korea,204.144.241.20
211,Evelyn,Reed,ereed5u@skyrock.com,Palestinian Territory,121.164.79.173
212,Philip,Welch,pwelch5v@wired.com,Japan,100.86.138.6
213,Jacqueline,Simmons,jsimmons5w@forbes.com,Japan,130.136.112.203
214,Antonio,Dean,adean5x@hatena.ne.jp,China,112.30.55.55
215,Angela,Collins,acollins5y@paypal.com,Tunisia,115.150.152.49
216,Andrea,Long,along5z@weather.com,Portugal,162.142.67.108
217,Steven,Hicks,shicks60@sourceforge.net,Philippines,74.145.57.179
218,Terry,Jackson,tjackson61@webs.com,Ecuador,49.76.42.201
219,Diane,Sullivan,dsullivan62@plala.or.jp,Honduras,85.81.136.24
220,Barbara,Larson,blarson63@washington.edu,Portugal,246.34.217.178
221,Nancy,Hansen,nhansen64@4shared.com,Yemen,131.199.216.89
222,Louise,Gonzales,lgonzales65@shop-pro.jp,Uzbekistan,100.211.51.117
223,Anthony,Oliver,aoliver66@shinystat.com,China,196.2.44.136
224,Andrea,Smith,asmith67@shutterfly.com,Poland,177.95.138.118
225,Jeffrey,Cole,jcole68@time.com,Dominican Republic,102.172.10.124
226,Juan,Torres,jtorres69@twitter.com,China,158.108.107.44
227,Anne,Harris,aharris6a@ovh.net,South Africa,214.119.1.12
228,Kathryn,Bell,kbell6b@fastcompany.com,China,220.249.169.11
229,Jacqueline,Kelly,jkelly6c@bloomberg.com,Israel,179.197.214.34
230,Diana,Chavez,dchavez6d@shinystat.com,Sweden,175.140.30.11
231,Scott,Rogers,srogers6e@chron.com,Indonesia,212.96.86.186
232,George,Anderson,ganderson6f@mayoclinic.com,Portugal,172.93.164.142
233,Sharon,Chapman,schapman6g@noaa.gov,Portugal,16.77.181.10
234,Theresa,Ferguson,tferguson6h@delicious.com,Mexico,211.84.169.95
235,Joseph,Kim,jkim6i@photobucket.com,China,9.53.68.210
236,Amy,Jacobs,ajacobs6j@dmoz.org,Indonesia,115.0.203.195
237,Judy,Watson,jwatson6k@cocolog-nifty.com,Albania,66.56.240.121
238,Rachel,Campbell,rcampbell6l@cam.ac.uk,Azerbaijan,133.203.111.223
239,Rachel,Hart,rhart6m@abc.net.au,Dominican Republic,182.92.247.202
240,Steve,Harper,sharper6n@naver.com,Greece,48.96.144.137
241,Scott,Jacobs,sjacobs6o@archive.org,China,252.87.225.148
242,Gary,Lane,glane6p@fda.gov,Ukraine,71.49.18.177
243,Andrew,Fields,afields6q@google.com.hk,Morocco,42.208.196.28
244,Eric,Ramos,eramos6r@discovery.com,Indonesia,129.84.202.105
245,Billy,Cole,bcole6s@rediff.com,China,239.132.88.178
246,Jose,Garza,jgarza6t@wordpress.org,Lebanon,160.24.212.189
247,George,Greene,ggreene6u@spotify.com,Botswana,179.154.237.210
248,Arthur,Bailey,abailey6v@cisco.com,Ukraine,191.132.1.116
249,Kathy,Medina,kmedina6w@house.gov,Indonesia,209.8.246.253
250,Adam,Hunter,ahunter6x@mtv.com,China,29.54.46.152
251,Henry,Graham,hgraham6y@nih.gov,United States,188.223.162.98
252,Stephanie,Austin,saustin6z@yelp.com,Indonesia,237.22.253.97
253,Emily,Hayes,ehayes70@pen.io,Portugal,8.141.50.65
254,Jose,Carroll,jcarroll71@ox.ac.uk,China,196.107.4.42
255,Sarah,Medina,smedina72@wufoo.com,France,216.95.128.53
256,Debra,Kim,dkim73@feedburner.com,Mongolia,203.238.167.115
257,Roger,Oliver,roliver74@eventbrite.com,Indonesia,236.110.66.25
258,Jason,Willis,jwillis75@java.com,Australia,70.33.43.201
259,Wanda,Collins,wcollins76@google.com,Poland,140.74.220.116
260,Rose,Hall,rhall77@xrea.com,China,159.48.24.123
261,Ruby,Vasquez,rvasquez78@ted.com,Syria,124.133.177.228
262,Philip,Flores,pflores79@mysql.com,Czech Republic,225.236.199.189
263,Ruby,Banks,rbanks7a@sohu.com,Portugal,106.90.215.52
264,Phillip,Bishop,pbishop7b@elpais.com,China,102.34.41.230
265,Betty,George,bgeorge7c@chronoengine.com,South Korea,136.215.171.228
266,Ruth,Martinez,rmartinez7d@miibeian.gov.cn,Brazil,136.32.76.224
267,Peter,Rivera,privera7e@loc.gov,Portugal,211.125.147.87
268,Patricia,Watkins,pwatkins7f@dedecms.com,France,119.209.221.124
269,Willie,Dunn,wdunn7g@plala.or.jp,Indonesia,56.85.188.119
270,Nicholas,Webb,nwebb7h@twitpic.com,Indonesia,195.54.103.59
271,Amy,Young,ayoung7i@miitbeian.gov.cn,Iran,150.77.248.156
272,Billy,Richards,brichards7j@dailymail.co.uk,Peru,85.157.158.145
273,Thomas,Boyd,tboyd7k@aol.com,Brazil,12.249.169.207
274,Andrea,Lawson,alawson7l@bloomberg.com,Morocco,153.239.47.81
275,Carolyn,Price,cprice7m@skyrock.com,Poland,128.224.110.225
276,Ryan,Hart,rhart7n@uol.com.br,Denmark,79.81.232.113
277,Fred,Evans,fevans7o@oakley.com,Indonesia,144.56.105.244
278,Joseph,Larson,jlarson7p@google.com,United States,222.195.63.237
279,Lillian,Anderson,landerson7q@sourceforge.net,Philippines,26.190.249.74
280,Carl,Crawford,ccrawford7r@linkedin.com,Indonesia,32.90.39.245
281,Pamela,Ryan,pryan7s@bbb.org,Portugal,209.180.197.151
282,Gregory,Ortiz,gortiz7t@fema.gov,Honduras,189.183.11.16
283,Dennis,Ortiz,dortiz7u@google.nl,Venezuela,181.122.92.140
284,Sandra,Garrett,sgarrett7v@intel.com,Nigeria,147.157.14.62
285,Aaron,Simmons,asimmons7w@house.gov,Greece,112.38.200.79
286,Katherine,Thomas,kthomas7x@live.com,Kazakhstan,64.208.41.149
287,Chris,Peters,cpeters7y@blogs.com,Jamaica,174.117.82.172
288,Roy,Lopez,rlopez7z@stanford.edu,Indonesia,120.1.245.131
289,Victor,Willis,vwillis80@bbc.co.uk,China,115.138.53.119
290,Gary,Morrison,gmorrison81@quantcast.com,Portugal,27.30.242.253
291,Mildred,Frazier,mfrazier82@ftc.gov,Colombia,116.54.77.129
292,Annie,Jacobs,ajacobs83@noaa.gov,Indonesia,157.108.178.63
293,William,Nelson,wnelson84@histats.com,United States,11.140.19.212
294,Dennis,Cooper,dcooper85@ameblo.jp,Vietnam,25.183.72.139
295,Michael,Wells,mwells86@wix.com,Russia,253.134.33.190
296,Ryan,Gonzalez,rgonzalez87@sohu.com,Afghanistan,137.226.133.253
297,Samuel,Lopez,slopez88@joomla.org,Thailand,148.56.98.168
298,Catherine,Ross,cross89@wix.com,Malaysia,72.122.216.82
299,Wayne,Watson,wwatson8a@miitbeian.gov.cn,Indonesia,53.130.242.141
300,William,Harper,wharper8b@163.com,Indonesia,49.68.219.108
301,Ruby,Hanson,rhanson8c@senate.gov,China,150.23.91.63
302,Samuel,Bell,sbell8d@livejournal.com,Togo,20.216.60.72
303,Adam,Andrews,aandrews8e@freewebs.com,France,16.210.84.25
304,Beverly,Brooks,bbrooks8f@mit.edu,Bahamas,198.240.42.176
305,Albert,Meyer,ameyer8g@alibaba.com,Czech Republic,97.94.35.80
306,Paula,Mills,pmills8h@google.nl,France,53.125.54.126
307,Jack,Harvey,jharvey8i@vistaprint.com,Philippines,114.74.112.5
308,Alan,Black,ablack8j@geocities.jp,Tunisia,50.13.206.57
309,John,Barnes,jbarnes8k@uiuc.edu,Brazil,90.7.207.80
310,Harry,Harper,hharper8l@goodreads.com,Indonesia,22.62.161.48
311,Angela,Schmidt,aschmidt8m@amazon.co.jp,China,224.54.25.76
312,Jesse,Jordan,jjordan8n@vkontakte.ru,China,225.194.8.63
313,Clarence,Olson,colson8o@google.cn,China,39.211.135.207
314,Joyce,Sullivan,jsullivan8p@google.com.hk,Sweden,120.18.186.150
315,Douglas,Perkins,dperkins8q@google.pl,Greece,87.238.201.145
316,Kenneth,Sullivan,ksullivan8r@globo.com,Indonesia,200.82.227.54
317,Barbara,Johnson,bjohnson8s@npr.org,Finland,138.103.81.181
318,Janice,Jackson,jjackson8t@wsj.com,Indonesia,52.210.249.72
319,Brian,Davis,bdavis8u@comsenz.com,Russia,27.104.239.88
320,Mark,Mason,mmason8v@squarespace.com,Brazil,200.230.33.35
321,Brandon,Washington,bwashington8w@narod.ru,South Korea,95.87.189.233
322,Harry,Harrison,hharrison8x@salon.com,Vietnam,233.224.125.181
323,Kimberly,Schmidt,kschmidt8y@prnewswire.com,China,96.119.29.13
324,Phillip,Thompson,pthompson8z@plala.or.jp,Indonesia,218.167.68.247
325,Mary,Bowman,mbowman90@va.gov,China,119.186.232.29
326,Christine,Jones,cjones91@mashable.com,Portugal,24.60.222.64
327,Ryan,Fields,rfields92@oracle.com,United Kingdom,172.55.218.126
328,Louis,Rodriguez,lrodriguez93@sina.com.cn,Philippines,249.230.157.149
329,Steven,Medina,smedina94@weather.com,Vietnam,26.33.225.94
330,Donald,Hansen,dhansen95@fema.gov,Dominican Republic,121.2.171.227
331,Steven,Cox,scox96@rambler.ru,France,148.187.110.109
332,Adam,Williams,awilliams97@typepad.com,Latvia,172.75.165.167
333,Donna,Torres,dtorres98@google.com.au,Peru,127.45.65.59
334,Phillip,Armstrong,parmstrong99@people.com.cn,Sweden,90.191.4.115
335,Johnny,Ruiz,jruiz9a@intel.com,Kenya,239.138.159.209
336,Peter,Jackson,pjackson9b@hhs.gov,Costa Rica,39.29.60.92
337,Laura,Mendoza,lmendoza9c@engadget.com,Brazil,148.134.186.250
338,Bonnie,Howard,bhoward9d@un.org,Indonesia,62.125.186.219
339,Jonathan,Fox,jfox9e@ed.gov,Czech Republic,0.9.254.147
340,Joseph,Payne,jpayne9f@ihg.com,Poland,144.3.210.209
341,William,Walker,wwalker9g@yale.edu,Indonesia,43.243.173.212
342,Wayne,Harper,wharper9h@kickstarter.com,China,118.149.38.14
343,Raymond,Daniels,rdaniels9i@examiner.com,South Africa,243.144.89.14
344,Billy,Alexander,balexander9j@xrea.com,Cuba,248.12.245.7
345,Julie,Howard,jhoward9k@instagram.com,Somalia,201.34.182.157
346,Jeffrey,Clark,jclark9l@oracle.com,Colombia,215.187.58.234
347,Joan,Henry,jhenry9m@uiuc.edu,Philippines,135.207.133.15
348,Betty,Mitchell,bmitchell9n@reddit.com,New Zealand,214.122.14.1
349,Rebecca,Peters,rpeters9o@plala.or.jp,China,84.69.97.136
350,Betty,Edwards,bedwards9p@multiply.com,Philippines,88.191.175.252
351,Bruce,Weaver,bweaver9q@flavors.me,Russia,159.72.94.93
352,Bonnie,Matthews,bmatthews9r@huffingtonpost.com,Kazakhstan,192.211.221.44
353,Nancy,Butler,nbutler9s@hostgator.com,Kosovo,34.149.94.14
354,Richard,Cox,rcox9t@exblog.jp,Russia,166.104.14.123
355,Karen,Cruz,kcruz9u@example.com,China,150.228.247.8
356,William,Dunn,wdunn9v@sitemeter.com,China,235.74.8.16
357,Mary,Jacobs,mjacobs9w@desdev.cn,Philippines,40.252.171.119
358,Teresa,Roberts,troberts9x@pcworld.com,Finland,71.24.139.128
359,Raymond,Johnson,rjohnson9y@mashable.com,Czech Republic,103.217.150.49
360,Melissa,Payne,mpayne9z@dyndns.org,Syria,218.158.71.30
361,Margaret,Kennedy,mkennedya0@unicef.org,Russia,214.176.24.46
362,Heather,Young,hyounga1@devhub.com,Portugal,128.125.136.111
363,Jack,Washington,jwashingtona2@state.gov,China,149.192.38.228
364,Marilyn,Warren,mwarrena3@amazon.co.jp,Belarus,56.236.223.9
365,Fred,Washington,fwashingtona4@nyu.edu,American Samoa,127.154.224.114
366,Ryan,Ortiz,rortiza5@plala.or.jp,Czech Republic,115.158.7.203
367,Irene,Murphy,imurphya6@freewebs.com,Indonesia,43.186.212.55
368,Anthony,Ramos,aramosa7@nhs.uk,Poland,74.250.137.48
369,Tina,Gonzalez,tgonzaleza8@mayoclinic.com,China,78.158.84.205
370,Linda,Oliver,lolivera9@zimbio.com,Indonesia,87.255.107.15
371,Philip,Reed,preedaa@smh.com.au,Philippines,232.205.194.138
372,Dennis,Rodriguez,drodriguezab@nhs.uk,China,223.215.17.160
373,Matthew,Thompson,mthompsonac@dailymotion.com,Portugal,9.129.137.164
374,Theresa,Sanchez,tsanchezad@sourceforge.net,China,244.95.239.143
375,Jane,Harvey,jharveyae@gnu.org,Colombia,88.95.166.220
376,Jessica,Thomas,jthomasaf@github.io,Serbia,99.249.107.229
377,Howard,Harper,hharperag@europa.eu,Canada,99.25.23.73
378,Karen,Kim,kkimah@goodreads.com,Poland,202.126.76.210
379,Melissa,Hunter,mhunterai@jiathis.com,Mauritius,174.188.243.34
380,Louise,Palmer,lpalmeraj@ibm.com,Greece,36.189.176.105
381,Roy,Chavez,rchavezak@reuters.com,Iran,166.76.238.212
382,Jerry,Watson,jwatsonal@theguardian.com,France,216.161.137.39
383,Larry,Nichols,lnicholsam@sourceforge.net,China,22.200.33.138
384,Edward,Green,egreenan@ovh.net,Mexico,61.232.247.136
385,Louis,Walker,lwalkerao@bigcartel.com,China,0.219.189.64
386,Victor,Hudson,vhudsonap@purevolume.com,Indonesia,20.101.123.79
387,Margaret,Morales,mmoralesaq@devhub.com,Colombia,112.175.210.133
388,Jane,Reynolds,jreynoldsar@howstuffworks.com,France,175.184.206.79
389,Betty,Flores,bfloresas@fotki.com,China,80.211.17.74
390,Angela,Bradley,abradleyat@merriam-webster.com,Russia,4.188.236.203
391,Wayne,King,wkingau@mac.com,Philippines,11.77.221.37
392,Edward,Chavez,echavezav@youtube.com,Kazakhstan,31.26.137.160
393,Sandra,Sanders,ssandersaw@berkeley.edu,China,91.60.227.134
394,Kenneth,Daniels,kdanielsax@zimbio.com,Ukraine,55.28.4.37
395,Victor,Bowman,vbowmanay@drupal.org,Indonesia,107.6.76.130
396,Antonio,Brown,abrownaz@prnewswire.com,Vietnam,238.139.113.8
397,Joshua,Chavez,jchavezb0@huffingtonpost.com,China,104.148.175.41
398,Eugene,Wright,ewrightb1@ucoz.com,France,103.103.203.186
399,Melissa,Diaz,mdiazb2@a8.net,Argentina,235.32.117.18
400,Russell,Banks,rbanksb3@howstuffworks.com,Greece,176.84.44.229
401,Donald,Reyes,dreyesb4@amazon.de,Peru,154.208.34.246
402,Carl,Warren,cwarrenb5@i2i.jp,Portugal,203.228.18.171
403,Mary,Jenkins,mjenkinsb6@surveymonkey.com,Philippines,64.66.201.28
404,Kathleen,Burke,kburkeb7@cbc.ca,Cyprus,18.169.181.83
405,Jose,Perkins,jperkinsb8@twitpic.com,Indonesia,116.127.43.54
406,Lori,Wheeler,lwheelerb9@cisco.com,Nicaragua,213.236.182.227
407,Mildred,Wallace,mwallaceba@hostgator.com,China,168.130.76.178
408,Frances,Schmidt,fschmidtbb@forbes.com,Indonesia,229.104.88.90
409,Rachel,Garrett,rgarrettbc@telegraph.co.uk,Russia,27.137.177.80
410,Janice,Webb,jwebbbd@tripod.com,United States,88.101.227.125
411,Shirley,Pierce,spiercebe@vistaprint.com,Brazil,45.229.118.240
412,Larry,Cooper,lcooperbf@rediff.com,China,247.104.146.83
413,Carl,Gutierrez,cgutierrezbg@networksolutions.com,Laos,145.186.164.107
414,Adam,Freeman,afreemanbh@pen.io,Poland,117.174.55.44
415,Judith,Watkins,jwatkinsbi@harvard.edu,Sweden,228.47.244.152
416,Benjamin,Schmidt,bschmidtbj@bluehost.com,China,114.225.190.133
417,Julie,Morgan,jmorganbk@marriott.com,Peru,213.132.190.250
418,Karen,Perry,kperrybl@wp.com,Sweden,36.219.223.19
419,Diana,Brown,dbrownbm@ucsd.edu,Thailand,57.8.244.9
420,Shawn,Nelson,snelsonbn@nasa.gov,North Korea,117.64.68.235
421,Robin,Hunter,rhunterbo@photobucket.com,China,183.47.198.166
422,Victor,Medina,vmedinabp@msu.edu,Indonesia,201.36.210.129
423,Peter,Morgan,pmorganbq@nbcnews.com,China,140.114.236.229
424,Paula,Barnes,pbarnesbr@yahoo.co.jp,Russia,97.173.24.196
425,Diane,Martin,dmartinbs@naver.com,Russia,105.79.61.236
426,Peter,Martinez,pmartinezbt@dedecms.com,Brazil,220.75.52.23
427,Alice,Burton,aburtonbu@ehow.com,Indonesia,2.50.188.31
428,Carl,Tucker,ctuckerbv@soup.io,China,179.226.102.243
429,Phillip,Matthews,pmatthewsbw@macromedia.com,Colombia,229.1.24.29
430,Beverly,Reyes,breyesbx@addthis.com,Georgia,158.60.223.190
431,Alan,Fowler,afowlerby@cargocollective.com,Poland,61.242.142.206
432,Wayne,Freeman,wfreemanbz@shutterfly.com,China,166.239.182.199
433,Jesse,Larson,jlarsonc0@360.cn,Norway,221.10.244.86
434,Mildred,Carpenter,mcarpenterc1@hc360.com,Croatia,208.104.134.254
435,Katherine,Diaz,kdiazc2@digg.com,Iran,131.33.102.193
436,Harold,Owens,howensc3@ning.com,Argentina,175.235.114.145
437,Lisa,Price,lpricec4@nba.com,Indonesia,199.187.139.73
438,Patricia,Dixon,pdixonc5@lycos.com,Sierra Leone,231.55.136.203
439,Elizabeth,Torres,etorresc6@archive.org,Portugal,48.174.67.37
440,Billy,Austin,baustinc7@g.co,Belarus,237.82.95.21
441,Irene,Johnson,ijohnsonc8@weebly.com,Gambia,217.6.48.220
442,Christine,Sims,csimsc9@flavors.me,Argentina,208.231.159.29
443,Roy,Nelson,rnelsonca@wikia.com,Indonesia,230.27.193.237
444,Lisa,Reyes,lreyescb@usnews.com,Sweden,225.179.108.21
445,Sharon,Hicks,shickscc@independent.co.uk,China,39.125.28.60
446,Amy,Gomez,agomezcd@hugedomains.com,Sweden,110.42.150.191
447,Justin,Bowman,jbowmance@hc360.com,Finland,136.50.114.2
448,Rose,Cole,rcolecf@xrea.com,Indonesia,147.110.117.157
449,Christine,Welch,cwelchcg@artisteer.com,France,31.177.213.99
450,Sara,Griffin,sgriffinch@vistaprint.com,Colombia,221.143.28.33
451,Matthew,Ray,mrayci@princeton.edu,Philippines,167.163.241.82
452,Annie,Dunn,adunncj@jugem.jp,Thailand,202.152.196.144
453,Anna,Crawford,acrawfordck@berkeley.edu,China,10.92.228.160
454,Angela,Johnson,ajohnsoncl@networksolutions.com,Philippines,59.228.194.122
455,Eugene,Dixon,edixoncm@barnesandnoble.com,Canada,161.125.135.25
456,Patricia,Perry,pperrycn@uiuc.edu,Poland,34.90.4.115
457,Chris,Stephens,cstephensco@nationalgeographic.com,Slovenia,94.110.117.50
458,Edward,Flores,eflorescp@columbia.edu,Ireland,83.58.149.132
459,Janice,Taylor,jtaylorcq@merriam-webster.com,Philippines,36.135.169.121
460,Antonio,Graham,agrahamcr@dropbox.com,France,57.110.97.246
461,Barbara,Mitchell,bmitchellcs@amazonaws.com,Canada,234.162.121.199
462,Rose,Knight,rknightct@opensource.org,Pakistan,157.17.214.127
463,Ernest,Green,egreencu@reuters.com,China,127.167.199.18
464,Gary,Ford,gfordcv@ovh.net,China,251.40.16.230
465,Timothy,Ellis,telliscw@1und1.de,Ethiopia,195.101.103.4
466,Michelle,Garrett,mgarrettcx@reuters.com,Guatemala,142.139.42.230
467,Bruce,Hunter,bhuntercy@mlb.com,China,184.214.3.157
468,Kimberly,Ryan,kryancz@slashdot.org,France,226.194.98.242
469,Lillian,Woods,lwoodsd0@shinystat.com,Sweden,151.64.46.174
470,Mary,Price,mpriced1@yolasite.com,China,221.70.239.239
471,Dennis,Cunningham,dcunninghamd2@narod.ru,Russia,47.58.192.239
472,Jason,Cole,jcoled3@tuttocitta.it,China,181.188.49.238
473,Eric,Davis,edavisd4@sciencedirect.com,Venezuela,170.10.252.43
474,Debra,Reed,dreedd5@zdnet.com,Macedonia,60.180.0.2
475,Janet,Owens,jowensd6@skyrock.com,China,26.180.25.206
476,Janice,Mason,jmasond7@cnn.com,Czech Republic,29.234.124.220
477,Carlos,Hughes,chughesd8@hud.gov,Canada,153.42.216.144
478,Amy,Armstrong,aarmstrongd9@xing.com,Sweden,220.120.43.92
479,Raymond,Kim,rkimda@furl.net,Russia,134.159.151.111
480,Jeremy,Turner,jturnerdb@goo.ne.jp,Costa Rica,134.207.139.128
481,Nancy,Lopez,nlopezdc@google.de,Chad,237.3.98.23
482,Bonnie,Hanson,bhansondd@guardian.co.uk,Morocco,88.110.64.26
483,Bruce,Day,bdayde@pagesperso-orange.fr,Sri Lanka,134.90.69.84
484,Richard,Gilbert,rgilbertdf@booking.com,Chile,83.216.193.201
485,Anthony,Williams,awilliamsdg@phoca.cz,Brazil,180.198.219.233
486,Sarah,Harvey,sharveydh@statcounter.com,Yemen,91.247.43.190
487,Gregory,Howell,ghowelldi@cdbaby.com,Russia,77.92.0.184
488,Mildred,Lynch,mlynchdj@newyorker.com,France,210.148.102.30
489,Matthew,Tucker,mtuckerdk@bing.com,China,165.254.98.109
490,Victor,Fields,vfieldsdl@sciencedirect.com,Palestinian Territory,62.179.221.207
491,Janice,White,jwhitedm@thetimes.co.uk,Greece,31.65.102.246
492,Matthew,Perez,mperezdn@lulu.com,Zimbabwe,59.217.120.82
493,Joe,Peters,jpetersdo@google.com.br,Cambodia,171.181.108.60
494,Kevin,Lynch,klynchdp@yandex.ru,Nepal,55.214.68.157
495,Willie,Andrews,wandrewsdq@arizona.edu,Macedonia,173.151.246.86
496,Cheryl,Phillips,cphillipsdr@theatlantic.com,China,113.248.80.243
497,Pamela,Mccoy,pmccoyds@imageshack.us,Russia,167.102.143.222
498,Randy,Garza,rgarzadt@arizona.edu,Burkina Faso,168.52.39.217
499,Ronald,Dean,rdeandu@macromedia.com,Russia,34.217.241.190
500,Martin,Castillo,mcastillodv@ocn.ne.jp,Morocco,164.146.4.165
501,Gerald,Allen,gallendw@mac.com,Spain,6.90.173.104
502,Jose,Cooper,jcooperdx@narod.ru,Indonesia,249.236.166.128
503,Russell,Stewart,rstewartdy@unblog.fr,China,92.55.140.111
504,Angela,Carroll,acarrolldz@fastcompany.com,China,213.129.147.130
505,Ruby,Webb,rwebbe0@ustream.tv,China,59.65.79.56
506,Bonnie,Ferguson,bfergusone1@cbc.ca,China,110.13.63.123
507,Melissa,Owens,mowense2@narod.ru,China,45.89.252.26
508,Martin,Rivera,mriverae3@cornell.edu,Russia,202.255.85.41
509,Carl,Perkins,cperkinse4@angelfire.com,Peru,99.25.215.179
510,Ruby,Fields,rfieldse5@statcounter.com,Poland,194.212.48.123
511,Debra,Miller,dmillere6@msu.edu,Argentina,20.234.151.2
512,Maria,Hicks,mhickse7@yahoo.co.jp,Palestinian Territory,135.184.69.150
513,Alice,Wright,awrighte8@dell.com,Russia,107.210.252.27
514,Phillip,Burton,pburtone9@flavors.me,Panama,78.44.173.27
515,Diana,Bryant,dbryantea@webeden.co.uk,Peru,177.236.33.14
516,Stephanie,Gilbert,sgilberteb@parallels.com,China,214.222.86.72
517,Kathy,Porter,kporterec@istockphoto.com,Armenia,212.182.186.143
518,Aaron,Richardson,arichardsoned@usda.gov,Gabon,124.71.64.83
519,Larry,Ward,lwardee@usatoday.com,Poland,234.86.214.200
520,Martin,Henry,mhenryef@chronoengine.com,China,195.81.186.157
521,Eugene,Garrett,egarretteg@ehow.com,China,176.96.125.62
522,Benjamin,Bennett,bbennetteh@example.com,Croatia,250.243.111.6
523,Roger,Marshall,rmarshallei@wordpress.com,Philippines,213.24.202.29
524,Amanda,Simpson,asimpsonej@ifeng.com,Russia,136.127.124.99
525,Mary,Williamson,mwilliamsonek@cornell.edu,France,97.161.20.215
526,Annie,Webb,awebbel@reference.com,Brazil,151.98.243.141
527,Clarence,Fisher,cfisherem@weebly.com,Philippines,159.40.118.145
528,Alan,Elliott,aelliotten@issuu.com,China,36.213.202.211
529,Louis,Gibson,lgibsoneo@unc.edu,Bahamas,238.50.43.211
530,Shirley,Larson,slarsonep@un.org,Indonesia,109.159.50.24
531,Terry,Black,tblackeq@php.net,Mexico,27.179.125.155
532,Roger,Gordon,rgordoner@google.de,Indonesia,164.201.51.3
533,Brian,Russell,brusselles@craigslist.org,China,102.230.137.55
534,Lisa,Flores,lfloreset@lycos.com,Colombia,84.249.202.2
535,Jeffrey,Frazier,jfraziereu@squidoo.com,Belarus,175.96.40.131
536,Brandon,Ortiz,bortizev@cafepress.com,Argentina,43.123.96.172
537,Carolyn,Bell,cbellew@wsj.com,Pakistan,155.253.242.54
538,Betty,Garrett,bgarrettex@issuu.com,Jordan,109.20.171.238
539,Margaret,Montgomery,mmontgomeryey@nifty.com,Jamaica,202.249.172.48
540,Anna,Foster,afosterez@cbslocal.com,Honduras,123.19.55.10
541,Patricia,Nichols,pnicholsf0@google.com.hk,Brazil,125.250.201.255
542,Peter,Edwards,pedwardsf1@npr.org,Philippines,32.151.53.252
543,William,Richardson,wrichardsonf2@tmall.com,China,49.100.9.220
544,Patrick,Young,pyoungf3@addtoany.com,Indonesia,69.132.93.45
545,Scott,Reynolds,sreynoldsf4@instagram.com,Mongolia,183.47.156.227
546,Nancy,Cunningham,ncunninghamf5@noaa.gov,Cyprus,77.96.80.208
547,Lillian,Cook,lcookf6@posterous.com,Indonesia,212.35.23.254
548,Joyce,Harris,jharrisf7@about.me,Belarus,8.24.229.29
549,Christina,Cole,ccolef8@springer.com,Brazil,10.61.87.40
550,Kenneth,Chapman,kchapmanf9@hud.gov,Indonesia,94.103.56.71
551,David,Larson,dlarsonfa@mlb.com,Indonesia,163.158.11.163
552,Theresa,Duncan,tduncanfb@webs.com,Costa Rica,234.199.40.98
553,Louise,Schmidt,lschmidtfc@fc2.com,Sweden,97.253.174.33
554,Carlos,Hamilton,chamiltonfd@dailymotion.com,China,234.22.80.250
555,Debra,Hicks,dhicksfe@phpbb.com,France,97.102.30.200
556,Paula,Long,plongff@nba.com,United States,8.213.245.89
557,Margaret,Chavez,mchavezfg@woothemes.com,Thailand,194.235.127.64
558,Alan,Hamilton,ahamiltonfh@forbes.com,Honduras,21.58.231.84
559,Ernest,Hicks,ehicksfi@live.com,China,220.188.33.22
560,Mark,Patterson,mpattersonfj@macromedia.com,Laos,191.173.22.240
561,Jesse,Harper,jharperfk@free.fr,China,143.115.252.163
562,Joe,George,jgeorgefl@netvibes.com,Colombia,139.26.147.243
563,Philip,Miller,pmillerfm@statcounter.com,Russia,240.59.214.17
564,Alice,Graham,agrahamfn@feedburner.com,Equatorial Guinea,97.244.208.109
565,Susan,Ramirez,sramirezfo@liveinternet.ru,China,198.22.142.223
566,Alan,Gonzales,agonzalesfp@independent.co.uk,China,86.220.236.108
567,Eugene,Grant,egrantfq@nasa.gov,Brazil,233.177.70.173
568,David,Cruz,dcruzfr@twitpic.com,Cameroon,248.236.53.149
569,Gary,Stone,gstonefs@desdev.cn,Indonesia,175.60.235.209
570,Martha,Sullivan,msullivanft@cdbaby.com,Germany,116.191.31.55
571,Nancy,Brown,nbrownfu@studiopress.com,Portugal,16.66.54.222
572,Denise,Lee,dleefv@com.com,Philippines,247.193.43.207
573,Brandon,Peters,bpetersfw@slashdot.org,Argentina,30.243.6.38
574,David,Perry,dperryfx@deliciousdays.com,Venezuela,165.182.128.45
575,Ralph,Cox,rcoxfy@buzzfeed.com,Argentina,6.84.91.170
576,Edward,Stephens,estephensfz@smugmug.com,Jamaica,32.87.142.252
577,Sean,Wright,swrightg0@last.fm,China,52.129.24.133
578,Cheryl,Warren,cwarreng1@indiatimes.com,China,220.19.125.132
579,Angela,Gomez,agomezg2@noaa.gov,Indonesia,165.11.237.225
580,Heather,Ward,hwardg3@columbia.edu,Brazil,159.238.224.142
581,Ann,Dixon,adixong4@ucla.edu,China,212.80.158.212
582,Barbara,Howell,bhowellg5@taobao.com,China,53.229.150.172
583,Gerald,Baker,gbakerg6@dell.com,United States,71.78.128.221
584,Frank,Watkins,fwatkinsg7@independent.co.uk,China,141.101.58.15
585,Bobby,Morales,bmoralesg8@bigcartel.com,Poland,90.206.124.11
586,Wayne,Day,wdayg9@cisco.com,Philippines,9.240.122.6
587,Karen,Ramos,kramosga@etsy.com,Croatia,127.24.109.243
588,Martha,Wells,mwellsgb@google.com.au,Thailand,110.156.106.165
589,Jeffrey,Rodriguez,jrodriguezgc@ovh.net,Indonesia,113.78.117.218
590,Thomas,Dixon,tdixongd@eventbrite.com,France,127.235.55.158
591,Ralph,Little,rlittlege@cisco.com,Russia,100.198.95.179
592,Fred,Fisher,ffishergf@freewebs.com,China,21.44.15.109
593,Theresa,Johnston,tjohnstongg@economist.com,Poland,191.73.16.65
594,Lisa,Ruiz,lruizgh@goo.gl,Colombia,171.135.250.134
595,Judith,Barnes,jbarnesgi@redcross.org,China,204.55.189.184
596,Thomas,Anderson,tandersongj@whitehouse.gov,France,166.112.137.39
597,Joan,Austin,jaustingk@ameblo.jp,China,36.254.198.140
598,Marilyn,Diaz,mdiazgl@tuttocitta.it,Brazil,34.42.57.66
599,Julie,Collins,jcollinsgm@mail.ru,Colombia,35.238.14.193
600,Teresa,Black,tblackgn@salon.com,Armenia,242.83.245.161
601,Barbara,Banks,bbanksgo@patch.com,Mali,155.13.208.185
602,Kelly,Ramos,kramosgp@google.de,Latvia,175.149.190.235
603,Cheryl,Gonzalez,cgonzalezgq@ucla.edu,Argentina,141.184.57.236
604,Ruth,Mccoy,rmccoygr@apple.com,Russia,37.163.93.177
605,Samuel,Lynch,slynchgs@cdbaby.com,Philippines,61.105.60.144
606,Melissa,Sanchez,msanchezgt@privacy.gov.au,Libya,51.142.173.46
607,John,Myers,jmyersgu@angelfire.com,Canada,241.234.208.176
608,Michelle,Berry,mberrygv@home.pl,Philippines,161.203.169.163
609,Bruce,Austin,baustingw@hao123.com,Colombia,19.88.112.250
610,Lori,Ortiz,lortizgx@reuters.com,China,89.3.197.147
611,Peter,Brown,pbrowngy@twitter.com,China,112.127.198.161
612,Wayne,Long,wlonggz@lycos.com,China,210.96.50.69
613,Timothy,Miller,tmillerh0@chronoengine.com,China,125.131.165.9
614,Brian,Gray,bgrayh1@nydailynews.com,Mexico,8.191.38.224
615,Mark,Scott,mscotth2@intel.com,Ethiopia,54.225.149.49
616,Kathy,Fuller,kfullerh3@51.la,Sweden,126.26.172.12
617,Michael,Wilson,mwilsonh4@themeforest.net,Indonesia,157.13.128.167
618,Harold,Wood,hwoodh5@fotki.com,France,23.89.90.239
619,Paula,Ryan,pryanh6@omniture.com,China,99.57.213.161
620,Craig,Gutierrez,cgutierrezh7@jiathis.com,China,45.51.145.244
621,Christine,Burns,cburnsh8@msn.com,Brazil,131.15.242.5
622,Tammy,Chapman,tchapmanh9@army.mil,China,196.253.78.118
623,Stephanie,Larson,slarsonha@intel.com,Armenia,53.215.37.201
624,Christine,Simmons,csimmonshb@nature.com,Sweden,159.188.180.176
625,Edward,Little,elittlehc@bandcamp.com,Ukraine,70.32.96.244
626,Terry,Gordon,tgordonhd@utexas.edu,China,16.1.199.54
627,Jeffrey,Clark,jclarkhe@spiegel.de,Sweden,233.16.227.101
628,Gregory,Alexander,galexanderhf@wordpress.org,Poland,203.83.36.67
629,Patrick,Alvarez,palvarezhg@comcast.net,Indonesia,65.21.200.189
630,Keith,Morgan,kmorganhh@flickr.com,France,30.120.230.198
631,Jason,Carroll,jcarrollhi@bigcartel.com,Albania,218.43.222.206
632,Martha,Bradley,mbradleyhj@mtv.com,Indonesia,143.35.243.23
633,Kathryn,Ford,kfordhk@parallels.com,China,183.204.129.236
634,Emily,Bennett,ebennetthl@bbc.co.uk,Philippines,134.221.104.6
635,Beverly,Ellis,bellishm@stanford.edu,China,170.78.217.214
636,James,Hart,jharthn@un.org,Belarus,166.201.23.242
637,Phillip,Welch,pwelchho@printfriendly.com,Czech Republic,222.233.214.149
638,Jessica,Moore,jmoorehp@php.net,Greece,12.81.202.190
639,Gerald,Moreno,gmorenohq@tamu.edu,Serbia,253.116.196.38
640,Martin,Howard,mhowardhr@senate.gov,China,205.161.251.146
641,Robin,Day,rdayhs@networksolutions.com,Denmark,246.92.176.32
642,Kelly,Sanders,ksandersht@delicious.com,Japan,212.129.117.186
643,Janet,Patterson,jpattersonhu@gizmodo.com,Brazil,170.33.23.68
644,Stephen,Simpson,ssimpsonhv@fastcompany.com,Sudan,227.28.48.212
645,Dennis,Hernandez,dhernandezhw@github.com,China,201.178.132.171
646,Bobby,Scott,bscotthx@histats.com,Luxembourg,128.50.236.233
647,Wayne,Moore,wmoorehy@ezinearticles.com,Indonesia,186.119.154.72
648,Antonio,Carr,acarrhz@mapy.cz,Greece,46.180.192.246
649,Willie,Ford,wfordi0@1688.com,Russia,99.140.125.12
650,Aaron,Miller,amilleri1@comsenz.com,Indonesia,153.212.205.204
651,Jesse,Jordan,jjordani2@dagondesign.com,Luxembourg,40.50.193.36
652,Roy,Myers,rmyersi3@behance.net,Brazil,200.192.106.77
653,Carolyn,Burns,cburnsi4@blog.com,China,89.224.93.225
654,Laura,Ray,lrayi5@ucsd.edu,Indonesia,171.205.231.82
655,Tina,Hunter,thunteri6@instagram.com,Tunisia,137.233.191.75
656,Frances,Duncan,fduncani7@wix.com,Indonesia,15.138.249.194
657,Carol,Ross,crossi8@utexas.edu,Brazil,197.205.40.159
658,Laura,Willis,lwillisi9@a8.net,Philippines,198.236.205.240
659,Ronald,Medina,rmedinaia@ucla.edu,Finland,18.98.165.218
660,Benjamin,Meyer,bmeyerib@thetimes.co.uk,Philippines,254.100.58.116
661,Jonathan,Washington,jwashingtonic@yandex.ru,East Timor,65.97.106.88
662,Patricia,Johnson,pjohnsonid@vk.com,Sweden,135.188.153.201
663,Anthony,Henry,ahenryie@geocities.com,Philippines,102.20.86.72
664,Robin,Palmer,rpalmerif@ycombinator.com,Philippines,13.29.53.191
665,Dorothy,Thompson,dthompsonig@seattletimes.com,Philippines,204.65.44.116
666,Tammy,Cox,tcoxih@opensource.org,China,25.170.176.140
667,Timothy,Washington,twashingtonii@goo.ne.jp,France,11.127.88.6
668,Martha,Schmidt,mschmidtij@answers.com,China,2.33.115.161
669,Sarah,Martin,smartinik@yale.edu,Czech Republic,247.104.143.235
670,Clarence,Ferguson,cfergusonil@unesco.org,China,26.31.178.45
671,Deborah,Moore,dmooreim@sourceforge.net,Peru,47.81.172.158
672,Timothy,Oliver,toliverin@mysql.com,Nigeria,124.74.90.88
673,Julia,Wheeler,jwheelerio@people.com.cn,Serbia,237.166.126.61
674,Charles,Brown,cbrownip@hatena.ne.jp,Brazil,84.239.165.181
675,Heather,Fox,hfoxiq@ox.ac.uk,China,184.155.18.246
676,Janice,Knight,jknightir@angelfire.com,Greece,64.253.254.93
677,Rachel,Richardson,rrichardsonis@example.com,France,19.181.252.54
678,Evelyn,Hunter,ehunterit@cnet.com,Philippines,172.198.185.165
679,Aaron,Jordan,ajordaniu@dmoz.org,Indonesia,219.249.240.198
680,Philip,Lee,pleeiv@etsy.com,Philippines,19.140.152.230
681,Johnny,Dixon,jdixoniw@sakura.ne.jp,Albania,227.143.247.58
682,Jerry,Johnston,jjohnstonix@biglobe.ne.jp,Sweden,99.136.209.26
683,Gloria,Turner,gturneriy@sogou.com,France,190.149.252.34
684,Martin,Matthews,mmatthewsiz@ucoz.com,Brazil,82.219.136.124
685,Deborah,Morgan,dmorganj0@state.tx.us,Brazil,68.108.234.212
686,Laura,Rice,lricej1@creativecommons.org,Czech Republic,145.35.155.68
687,Russell,Frazier,rfrazierj2@slate.com,Russia,230.179.154.55
688,Jacqueline,Elliott,jelliottj3@slashdot.org,Mongolia,41.183.54.228
689,Kathleen,Jacobs,kjacobsj4@is.gd,Armenia,78.104.91.149
690,Christine,Holmes,cholmesj5@army.mil,Netherlands,111.83.30.32
691,Ashley,Murphy,amurphyj6@i2i.jp,Comoros,137.17.44.64
692,Billy,Lawrence,blawrencej7@sourceforge.net,Yemen,159.79.242.91
693,Teresa,Sanchez,tsanchezj8@rediff.com,Poland,28.197.236.242
694,Henry,Coleman,hcolemanj9@state.tx.us,Brazil,126.119.239.134
695,Samuel,Campbell,scampbellja@hao123.com,Cuba,171.188.212.144
696,Cheryl,Stone,cstonejb@youtu.be,China,135.216.18.146
697,Christina,George,cgeorgejc@bloomberg.com,China,159.168.215.214
698,Carl,Mills,cmillsjd@ask.com,Macedonia,204.97.85.218
699,Annie,Ford,afordje@oracle.com,Philippines,38.207.117.60
700,Scott,Schmidt,sschmidtjf@java.com,Vietnam,154.98.238.152
701,Russell,Hill,rhilljg@tumblr.com,Colombia,165.207.6.3
702,Edward,Austin,eaustinjh@indiatimes.com,China,216.125.106.165
703,Melissa,Bennett,mbennettji@fastcompany.com,Poland,240.127.143.32
704,Rose,Washington,rwashingtonjj@ycombinator.com,Bosnia and Herzegovina,118.36.164.196
705,Diane,Hanson,dhansonjk@amazonaws.com,Yemen,226.185.0.141
706,Paul,Torres,ptorresjl@about.com,China,85.158.15.77
707,Terry,Moore,tmoorejm@yellowbook.com,China,217.95.165.53
708,Joshua,Webb,jwebbjn@flickr.com,Philippines,126.229.171.107
709,Jeremy,Shaw,jshawjo@gov.uk,Honduras,111.218.215.246
710,Harry,Andrews,handrewsjp@businessweek.com,China,170.30.181.86
711,Andrew,Turner,aturnerjq@globo.com,Peru,7.14.90.239
712,Christina,Murphy,cmurphyjr@noaa.gov,Indonesia,63.188.219.246
713,Diana,Carter,dcarterjs@craigslist.org,China,86.106.248.93
714,Jason,Shaw,jshawjt@omniture.com,Russia,3.36.116.181
715,Melissa,Woods,mwoodsju@sun.com,China,215.216.207.214
716,Walter,Hill,whilljv@illinois.edu,Portugal,33.237.4.0
717,Raymond,Campbell,rcampbelljw@amazon.co.jp,Russia,139.108.29.46
718,Craig,Phillips,cphillipsjx@auda.org.au,Portugal,45.89.249.240
719,Irene,Price,ipricejy@seesaa.net,China,237.55.122.25
720,Bonnie,Henry,bhenryjz@technorati.com,China,173.255.82.14
721,Gerald,Mcdonald,gmcdonaldk0@arstechnica.com,Indonesia,195.75.34.3
722,Jeremy,Reed,jreedk1@geocities.jp,China,79.177.135.253
723,Bonnie,Baker,bbakerk2@theglobeandmail.com,Sweden,255.28.170.72
724,Tammy,Matthews,tmatthewsk3@cnbc.com,China,111.93.143.51
725,Rebecca,Bailey,rbaileyk4@europa.eu,Brazil,152.110.173.6
726,Joan,Jordan,jjordank5@dedecms.com,China,38.185.180.181
727,Rebecca,Ortiz,rortizk6@arstechnica.com,China,215.213.212.253
728,Barbara,Jacobs,bjacobsk7@a8.net,Poland,5.165.166.34
729,Marilyn,Stephens,mstephensk8@sitemeter.com,Japan,159.189.86.92
730,Jason,Porter,jporterk9@who.int,China,72.195.130.129
731,Douglas,Martinez,dmartinezka@imdb.com,Slovenia,69.182.29.98
732,Norma,Romero,nromerokb@patch.com,Greece,11.214.148.147
733,Todd,Dean,tdeankc@studiopress.com,Finland,228.165.237.66
734,Diana,Stanley,dstanleykd@theglobeandmail.com,Thailand,170.185.91.122
735,Jean,Hudson,jhudsonke@photobucket.com,Indonesia,86.58.246.134
736,Christopher,Ruiz,cruizkf@unesco.org,Mexico,186.31.38.122
737,Daniel,Perry,dperrykg@cbc.ca,Russia,63.106.26.212
738,Martin,Nguyen,mnguyenkh@dailymail.co.uk,Russia,142.91.10.206
739,Virginia,Gonzalez,vgonzalezki@discuz.net,South Africa,209.65.28.190
740,Andrew,Cunningham,acunninghamkj@pcworld.com,Serbia,155.221.76.245
741,Evelyn,Jacobs,ejacobskk@craigslist.org,Ireland,94.74.218.71
742,Steven,Holmes,sholmeskl@pinterest.com,China,161.51.44.243
743,Christine,Ray,craykm@ucla.edu,Burkina Faso,228.225.114.39
744,Christopher,Robinson,crobinsonkn@uiuc.edu,China,198.218.130.176
745,Theresa,Campbell,tcampbellko@arstechnica.com,Russia,158.174.160.75
746,Billy,Simmons,bsimmonskp@sohu.com,Albania,214.100.232.95
747,Daniel,Chapman,dchapmankq@reddit.com,China,157.235.166.226
748,Annie,Hayes,ahayeskr@army.mil,Poland,117.235.43.101
749,Edward,Austin,eaustinks@jigsy.com,Morocco,7.51.77.72
750,Donna,Kelly,dkellykt@independent.co.uk,Indonesia,158.142.185.42
751,Craig,Mitchell,cmitchellku@admin.ch,Ukraine,21.58.222.138
752,Melissa,Snyder,msnyderkv@cnet.com,Indonesia,17.26.54.240
753,Paul,Hanson,phansonkw@jugem.jp,Hungary,12.44.46.20
754,Elizabeth,Fernandez,efernandezkx@yahoo.com,Syria,49.34.74.110
755,George,Frazier,gfrazierky@plala.or.jp,Brazil,56.107.198.111
756,Frank,Roberts,frobertskz@aol.com,Indonesia,174.3.197.76
757,Jessica,Hernandez,jhernandezl0@elegantthemes.com,Mauritius,48.65.174.190
758,Susan,Webb,swebbl1@theglobeandmail.com,Portugal,161.107.172.10
759,Ronald,Williamson,rwilliamsonl2@live.com,Poland,20.225.96.60
760,Steve,Morrison,smorrisonl3@ibm.com,Peru,42.4.3.2
761,Carol,Brown,cbrownl4@mapy.cz,China,62.134.36.229
762,George,Mccoy,gmccoyl5@harvard.edu,China,185.44.167.11
763,Charles,Wilson,cwilsonl6@redcross.org,China,125.236.40.84
764,Kathleen,Anderson,kandersonl7@ifeng.com,Indonesia,244.215.166.236
765,Daniel,Harvey,dharveyl8@dot.gov,Ukraine,126.122.173.8
766,Eugene,Burns,eburnsl9@toplist.cz,Cambodia,223.61.13.113
767,Philip,Cox,pcoxla@jimdo.com,Burkina Faso,137.146.185.163
768,Keith,Thompson,kthompsonlb@facebook.com,Colombia,30.253.189.223
769,Susan,Gilbert,sgilbertlc@wordpress.org,Comoros,141.157.235.220
770,Howard,Morgan,hmorganld@sciencedirect.com,Colombia,174.101.46.21
771,Christopher,Lewis,clewisle@com.com,Indonesia,65.98.2.59
772,Tina,Elliott,telliottlf@youtu.be,Bolivia,211.218.152.153
773,Phillip,Little,plittlelg@nps.gov,Russia,129.133.12.194
774,Jean,Diaz,jdiazlh@buzzfeed.com,Indonesia,251.34.66.106
775,Victor,Lee,vleeli@comcast.net,Azerbaijan,172.46.225.54
776,Paul,Ryan,pryanlj@dion.ne.jp,Peru,253.243.87.26
777,Catherine,Davis,cdavislk@cargocollective.com,Finland,156.176.126.26
778,Patricia,Wilson,pwilsonll@bigcartel.com,China,152.255.99.4
779,Harold,Rodriguez,hrodriguezlm@cornell.edu,Kazakhstan,88.127.160.186
780,Donald,Morris,dmorrisln@youtube.com,France,146.226.30.244
781,Diane,Wood,dwoodlo@nymag.com,China,239.164.240.126
782,Brenda,Patterson,bpattersonlp@hp.com,Russia,189.70.246.229
783,Heather,Murray,hmurraylq@multiply.com,Iceland,93.106.201.231
784,Cheryl,Holmes,cholmeslr@theguardian.com,Tajikistan,66.231.54.242
785,Philip,Ramirez,pramirezls@samsung.com,Nigeria,160.40.82.226
786,Phyllis,Sullivan,psullivanlt@youtu.be,Czech Republic,22.147.166.181
787,Cheryl,Gardner,cgardnerlu@cmu.edu,Argentina,56.91.157.45
788,Shirley,Burton,sburtonlv@blogtalkradio.com,Egypt,221.162.240.213
789,Donna,Hill,dhilllw@google.nl,Philippines,115.111.22.45
790,Frank,Gilbert,fgilbertlx@pcworld.com,Mongolia,17.215.146.16
791,Steve,Washington,swashingtonly@twitpic.com,China,124.72.48.52
792,Earl,George,egeorgelz@bbb.org,Indonesia,128.185.214.61
793,Frank,White,fwhitem0@cnbc.com,Sweden,96.14.209.223
794,Henry,Parker,hparkerm1@webeden.co.uk,Paraguay,118.73.10.50
795,Kathleen,Jackson,kjacksonm2@naver.com,China,159.250.250.115
796,Brandon,Simpson,bsimpsonm3@statcounter.com,Poland,94.76.25.7
797,Walter,Garza,wgarzam4@ocn.ne.jp,Indonesia,87.144.228.70
798,Rachel,Brown,rbrownm5@over-blog.com,Russia,15.182.165.227
799,Marilyn,Elliott,melliottm6@state.gov,Greece,56.126.23.130
800,Wayne,Morales,wmoralesm7@phpbb.com,Greece,215.244.50.140
801,Aaron,Taylor,ataylorm8@behance.net,Vietnam,161.110.204.102
802,John,Evans,jevansm9@webeden.co.uk,Argentina,15.162.242.60
803,Patrick,Perez,pperezma@prweb.com,Portugal,102.5.126.52
804,Eugene,Porter,eportermb@360.cn,China,181.47.124.186
805,Brandon,Mcdonald,bmcdonaldmc@ovh.net,China,90.81.225.210
806,Bonnie,Perkins,bperkinsmd@1und1.de,Philippines,28.17.215.157
807,Virginia,Walker,vwalkerme@sohu.com,Indonesia,198.175.20.239
808,Brenda,Myers,bmyersmf@mediafire.com,Argentina,196.85.221.232
809,Randy,Jones,rjonesmg@quantcast.com,Pakistan,15.9.87.175
810,Rose,Moreno,rmorenomh@bloglovin.com,Japan,82.138.221.242
811,Bobby,Williams,bwilliamsmi@hc360.com,Czech Republic,153.177.202.233
812,Karen,Jackson,kjacksonmj@bizjournals.com,China,200.240.243.27
813,Ralph,Weaver,rweavermk@weebly.com,Philippines,7.69.210.195
814,Benjamin,Henry,bhenryml@seesaa.net,Cuba,235.68.141.223
815,Ralph,Burton,rburtonmm@geocities.com,France,210.110.150.109
816,Kathy,Barnes,kbarnesmn@instagram.com,China,216.88.20.213
817,Walter,Simmons,wsimmonsmo@census.gov,Japan,62.92.96.136
818,Maria,Kelly,mkellymp@sciencedaily.com,Indonesia,85.46.219.26
819,Ann,Ross,arossmq@wunderground.com,Philippines,149.41.226.50
820,Kimberly,Garcia,kgarciamr@digg.com,Russia,121.44.236.116
821,Sharon,Ryan,sryanms@privacy.gov.au,Paraguay,204.228.83.201
822,Kathy,Baker,kbakermt@tumblr.com,Iran,58.168.228.214
823,Patricia,Woods,pwoodsmu@scribd.com,France,7.116.185.166
824,Thomas,Thompson,tthompsonmv@thetimes.co.uk,Indonesia,235.54.9.195
825,Katherine,Howard,khowardmw@ebay.co.uk,Argentina,61.54.189.138
826,Gregory,Nelson,gnelsonmx@unicef.org,France,163.240.60.41
827,Joe,Scott,jscottmy@fc2.com,China,23.147.166.241
828,Scott,West,swestmz@jimdo.com,China,42.176.6.84
829,Sarah,Chapman,schapmann0@hatena.ne.jp,Kuwait,202.108.238.123
830,Henry,Thomas,hthomasn1@harvard.edu,Morocco,82.66.175.195
831,Joan,Andrews,jandrewsn2@miitbeian.gov.cn,Canada,254.130.166.24
832,Carlos,Brooks,cbrooksn3@cargocollective.com,Morocco,3.173.113.97
833,Walter,Weaver,wweavern4@noaa.gov,Russia,59.75.32.144
834,Betty,Butler,bbutlern5@livejournal.com,Latvia,63.242.87.171
835,Maria,Johnson,mjohnsonn6@elegantthemes.com,Indonesia,177.13.90.27
836,Joshua,Burton,jburtonn7@microsoft.com,Japan,251.212.150.199
837,Keith,Harrison,kharrisonn8@cnn.com,Philippines,0.60.181.195
838,Susan,Hansen,shansenn9@geocities.jp,Norway,113.199.184.116
839,Craig,Boyd,cboydna@stumbleupon.com,United States,238.124.3.52
840,Debra,Perkins,dperkinsnb@nationalgeographic.com,Portugal,30.76.222.9
841,Laura,Ramos,lramosnc@pbs.org,Lithuania,157.9.29.41
842,Louis,Foster,lfosternd@i2i.jp,Dominican Republic,62.99.140.31
843,Nicholas,Duncan,nduncanne@posterous.com,Russia,49.80.31.50
844,Roy,Dixon,rdixonnf@drupal.org,United States,181.120.187.113
845,Gregory,Brooks,gbrooksng@census.gov,Albania,123.141.124.58
846,Karen,Allen,kallennh@discuz.net,Canada,241.126.6.27
847,Eric,Reyes,ereyesni@salon.com,Sweden,9.164.31.64
848,Harry,Morgan,hmorgannj@amazonaws.com,Russia,95.76.219.52
849,Amy,Matthews,amatthewsnk@virginia.edu,China,195.118.77.39
850,Doris,Hanson,dhansonnl@simplemachines.org,Indonesia,178.82.105.145
851,Terry,Stevens,tstevensnm@theglobeandmail.com,United States,239.7.90.79
852,Evelyn,Bowman,ebowmannn@yahoo.com,Canada,26.72.181.66
853,Aaron,Morgan,amorganno@com.com,Portugal,56.46.89.53
854,Billy,Brooks,bbrooksnp@google.ca,Ethiopia,14.115.161.228
855,Keith,Oliver,kolivernq@flickr.com,Nigeria,25.160.150.62
856,Sara,Cole,scolenr@ucsd.edu,Tunisia,240.99.253.230
857,Jeffrey,Jones,jjonesns@simplemachines.org,China,38.178.102.238
858,Jeffrey,Watkins,jwatkinsnt@privacy.gov.au,China,169.118.113.127
859,Charles,Torres,ctorresnu@statcounter.com,Philippines,186.243.230.198
860,Antonio,Kim,akimnv@nbcnews.com,Russia,113.180.235.78
861,Teresa,Fowler,tfowlernw@biglobe.ne.jp,Morocco,237.235.246.105
862,Ronald,Morrison,rmorrisonnx@clickbank.net,Czech Republic,24.242.209.206
863,Ruth,Castillo,rcastillony@google.co.jp,Mongolia,235.231.139.247
864,Henry,Peterson,hpetersonnz@usnews.com,North Korea,57.255.62.156
865,Louise,Austin,laustino0@cpanel.net,Finland,80.107.240.145
866,Matthew,Fisher,mfishero1@aboutads.info,Thailand,5.62.98.64
867,Jean,Weaver,jweavero2@who.int,Dominican Republic,92.87.159.65
868,Laura,Sanders,lsanderso3@cnn.com,China,87.185.74.30
869,Arthur,Crawford,acrawfordo4@tripod.com,Russia,28.93.32.207
870,James,Ruiz,jruizo5@economist.com,China,230.153.52.227
871,Ronald,Coleman,rcolemano6@prnewswire.com,United States,206.196.128.244
872,Denise,Grant,dgranto7@reference.com,United States,179.211.100.204
873,Betty,Chapman,bchapmano8@usnews.com,United States,127.76.140.33
874,Ruby,Wood,rwoodo9@wordpress.com,Indonesia,175.41.72.141
875,Shirley,Thomas,sthomasoa@jugem.jp,China,214.248.207.250
876,Craig,Wood,cwoodob@blog.com,Indonesia,241.11.9.41
877,Brandon,Stone,bstoneoc@fotki.com,Hungary,112.59.243.231
878,Irene,Ferguson,ifergusonod@hostgator.com,China,161.154.116.5
879,Jean,Kim,jkimoe@irs.gov,Poland,59.229.182.125
880,Tammy,Mendoza,tmendozaof@nasa.gov,Indonesia,43.61.15.180
881,Roy,Woods,rwoodsog@epa.gov,Argentina,192.206.219.229
882,Andrea,Martin,amartinoh@ning.com,Ukraine,101.209.57.108
883,Anne,Fox,afoxoi@virginia.edu,Serbia,171.183.94.104
884,Jack,Ross,jrossoj@istockphoto.com,Afghanistan,182.232.15.199
885,Brandon,Kennedy,bkennedyok@aboutads.info,Dominica,45.105.144.252
886,Deborah,Lynch,dlynchol@nydailynews.com,Norway,159.254.58.241
887,Diana,Campbell,dcampbellom@furl.net,Japan,103.139.255.28
888,James,Miller,jmilleron@fotki.com,France,31.163.38.223
889,Robin,Fowler,rfowleroo@thetimes.co.uk,Morocco,75.163.209.164
890,Jeremy,Lawson,jlawsonop@chicagotribune.com,China,23.162.215.61
891,Todd,Walker,twalkeroq@printfriendly.com,Saudi Arabia,65.201.115.78
892,Janet,Murphy,jmurphyor@marketwatch.com,China,71.236.181.167
893,Sandra,Fields,sfieldsos@networksolutions.com,China,98.98.22.122
894,Dorothy,Jacobs,djacobsot@wunderground.com,Philippines,99.106.108.143
895,Terry,Allen,tallenou@163.com,Philippines,5.182.174.206
896,Richard,Smith,rsmithov@wisc.edu,Portugal,252.197.197.37
897,Margaret,Coleman,mcolemanow@cornell.edu,Philippines,187.69.172.205
898,Charles,Ryan,cryanox@unesco.org,Japan,184.213.192.193
899,Billy,West,bwestoy@discuz.net,Poland,29.43.112.93
900,Albert,Gutierrez,agutierrezoz@nytimes.com,Azerbaijan,114.97.226.0
901,Todd,Bell,tbellp0@smh.com.au,Pakistan,101.115.209.0
902,Kelly,Taylor,ktaylorp1@wired.com,China,77.112.145.176
903,Robin,Burke,rburkep2@php.net,Indonesia,78.201.75.193
904,Marilyn,Lynch,mlynchp3@msn.com,China,209.178.209.56
905,Sandra,Robinson,srobinsonp4@youtu.be,Iran,84.177.200.91
906,Katherine,Adams,kadamsp5@usgs.gov,Colombia,1.145.129.239
907,Laura,Garrett,lgarrettp6@wunderground.com,Albania,198.79.73.21
908,Joshua,Cox,jcoxp7@pagesperso-orange.fr,Russia,134.63.143.133
909,Ryan,Austin,raustinp8@umn.edu,Colombia,203.104.34.92
910,Michelle,Harper,mharperp9@google.de,Peru,164.15.195.15
911,Christine,Shaw,cshawpa@networkadvertising.org,Poland,177.105.143.7
912,Joan,Ruiz,jruizpb@auda.org.au,Philippines,48.54.51.160
913,George,Green,ggreenpc@go.com,Russia,6.66.34.63
914,Clarence,Stewart,cstewartpd@redcross.org,Montenegro,40.3.179.6
915,Ernest,Ramirez,eramirezpe@elpais.com,Portugal,161.206.201.122
916,Brenda,Hudson,bhudsonpf@1688.com,Honduras,173.29.127.235
917,Carolyn,Ward,cwardpg@rakuten.co.jp,China,171.252.255.6
918,Susan,Willis,swillisph@spotify.com,Madagascar,199.129.129.72
919,Emily,George,egeorgepi@jugem.jp,Mexico,163.44.190.79
920,Russell,Martin,rmartinpj@ycombinator.com,Mongolia,89.199.92.72
921,Andrea,Diaz,adiazpk@csmonitor.com,United States,172.22.12.177
922,Nicole,Medina,nmedinapl@gravatar.com,Vietnam,104.28.197.127
923,Steven,Graham,sgrahampm@howstuffworks.com,Indonesia,109.24.160.153
924,Jennifer,Fuller,jfullerpn@webeden.co.uk,Canada,199.171.155.204
925,Joyce,Morgan,jmorganpo@dmoz.org,Peru,96.39.162.130
926,Bruce,Washington,bwashingtonpp@webs.com,China,250.11.66.114
927,Linda,Franklin,lfranklinpq@dropbox.com,Uzbekistan,195.207.69.254
928,Joe,Hart,jhartpr@newsvine.com,Montenegro,210.200.92.74
929,Jose,Bradley,jbradleyps@thetimes.co.uk,Philippines,46.28.183.50
930,Timothy,Carroll,tcarrollpt@free.fr,Russia,61.121.181.55
931,Peter,White,pwhitepu@hud.gov,United States,56.229.59.119
932,Clarence,Fowler,cfowlerpv@symantec.com,Indonesia,50.3.173.220
933,Ryan,Dean,rdeanpw@mediafire.com,France,25.192.98.183
934,Larry,Mills,lmillspx@sphinn.com,China,71.35.197.4
935,Jason,Garza,jgarzapy@free.fr,Syria,56.38.204.59
936,Rebecca,Clark,rclarkpz@dailymotion.com,Philippines,190.244.91.52
937,Virginia,Owens,vowensq0@ezinearticles.com,Bahrain,208.207.10.133
938,Adam,Spencer,aspencerq1@hud.gov,Poland,252.92.160.101
939,Virginia,Hughes,vhughesq2@feedburner.com,Indonesia,114.90.217.198
940,Stephanie,Stone,sstoneq3@blogspot.com,China,140.152.91.211
941,Aaron,Wood,awoodq4@wordpress.com,Russia,35.114.210.37
942,Steve,Gutierrez,sgutierrezq5@discuz.net,France,226.221.73.128
943,Melissa,Alvarez,malvarezq6@yellowbook.com,Czech Republic,137.224.148.36
944,William,Collins,wcollinsq7@webs.com,Colombia,160.37.156.228
945,Jonathan,Wilson,jwilsonq8@weibo.com,Indonesia,118.84.253.78
946,Tina,Murray,tmurrayq9@seattletimes.com,Indonesia,24.137.193.190
947,Margaret,Arnold,marnoldqa@omniture.com,Portugal,128.24.160.107
948,Jonathan,Hanson,jhansonqb@so-net.ne.jp,United States,200.146.149.91
949,Brandon,Rodriguez,brodriguezqc@patch.com,Indonesia,97.122.69.70
950,Jose,Richardson,jrichardsonqd@xinhuanet.com,Georgia,171.96.46.221
951,Alice,Gardner,agardnerqe@timesonline.co.uk,Mongolia,219.173.75.253
952,Martha,Jordan,mjordanqf@arizona.edu,Mexico,69.251.108.158
953,Justin,Lawrence,jlawrenceqg@freewebs.com,Tanzania,122.119.246.65
954,Christopher,Elliott,celliottqh@youku.com,Indonesia,34.57.132.69
955,Julia,Foster,jfosterqi@cnbc.com,Ukraine,111.182.77.33
956,Martin,Cunningham,mcunninghamqj@answers.com,Sweden,249.179.233.214
957,Rose,Ryan,rryanqk@xrea.com,China,85.70.217.151
958,Jeremy,Kim,jkimql@gravatar.com,Russia,48.213.91.194
959,Deborah,Fields,dfieldsqm@msu.edu,China,224.139.35.0
960,Annie,Welch,awelchqn@cbslocal.com,Russia,92.35.240.23
961,Rebecca,Hamilton,rhamiltonqo@4shared.com,China,169.100.127.102
962,Donald,Arnold,darnoldqp@telegraph.co.uk,China,137.143.115.249
963,Clarence,Ward,cwardqq@weibo.com,China,39.64.172.178
964,Amanda,Fowler,afowlerqr@reference.com,Indonesia,157.123.78.203
965,Timothy,Berry,tberryqs@earthlink.net,Russia,105.104.227.204
966,Cheryl,Myers,cmyersqt@cpanel.net,South Africa,8.67.137.99
967,Russell,Burton,rburtonqu@abc.net.au,China,254.32.237.172
968,Sean,Harrison,sharrisonqv@senate.gov,Argentina,197.142.64.1
969,Lori,Jenkins,ljenkinsqw@blogger.com,Guatemala,79.129.66.67
970,Robin,Sanders,rsandersqx@dailymotion.com,Finland,201.27.30.125
971,Patrick,Perkins,pperkinsqy@blogger.com,China,34.0.234.117
972,Catherine,Welch,cwelchqz@yandex.ru,Peru,132.107.181.95
973,Mary,Porter,mporterr0@miibeian.gov.cn,China,152.202.152.219
974,Margaret,Patterson,mpattersonr1@miibeian.gov.cn,China,154.12.204.146
975,Denise,Arnold,darnoldr2@freewebs.com,Philippines,70.83.56.65
976,Louis,Burton,lburtonr3@gnu.org,Sweden,90.214.237.18
977,Eric,Martinez,emartinezr4@psu.edu,Indonesia,123.142.154.29
978,Steve,Watson,swatsonr5@skyrock.com,Indonesia,201.88.160.19
979,Louise,Mitchell,lmitchellr6@cbc.ca,Colombia,14.127.232.12
980,Joseph,Montgomery,jmontgomeryr7@google.com.br,Brazil,231.232.166.34
981,Juan,Bennett,jbennettr8@cdc.gov,Ukraine,111.173.138.3
982,Gary,Stone,gstoner9@noaa.gov,Philippines,149.4.82.60
983,Matthew,Hansen,mhansenra@abc.net.au,Japan,60.95.61.239
984,Jimmy,Morales,jmoralesrb@constantcontact.com,Czech Republic,65.77.187.10
985,Charles,Roberts,crobertsrc@nasa.gov,China,175.40.114.219
986,William,Cruz,wcruzrd@vk.com,Portugal,129.145.87.153
987,Edward,Hudson,ehudsonre@123-reg.co.uk,China,4.238.7.166
988,Virginia,Black,vblackrf@alibaba.com,Bulgaria,192.227.100.229
989,Eugene,Jacobs,ejacobsrg@va.gov,Brazil,74.139.30.88
990,Karen,Carter,kcarterrh@phpbb.com,Palestinian Territory,141.92.0.93
991,Sarah,Bradley,sbradleyri@ucoz.com,China,238.10.45.149
992,Daniel,Garcia,dgarciarj@shop-pro.jp,United Kingdom,1.220.119.98
993,Sarah,Bell,sbellrk@google.pl,Russia,80.94.128.180
994,Teresa,Vasquez,tvasquezrl@seesaa.net,Germany,10.3.142.61
995,Beverly,Lawson,blawsonrm@nsw.gov.au,China,217.69.205.129
996,Wayne,Cooper,wcooperrn@nature.com,Yemen,182.239.254.225
997,Alan,Patterson,apattersonro@purevolume.com,China,211.33.251.228
998,Doris,Mcdonald,dmcdonaldrp@meetup.com,Uganda,18.85.24.249
999,Johnny,Vasquez,jvasquezrq@cnet.com,Russia,156.23.6.1
1000,Denise,Rice,dricerr@loc.gov,Brazil,77.144.81.94
